"month";"category";"revenue";"units";"avg_price"
"2016-09";"health_beauty";134.97;3;44.99
"2016-10";"air_conditioning";1349.29;8;168.66125
"2016-10";"audio";156.99;2;78.495
"2016-10";"auto";1128.26;8;141.0325
"2016-10";"baby";1371.17;11;124.651818
"2016-10";"bed_bath_table";478.99;8;59.87375
"2016-10";"computers_accessories";669.02;12;55.751667
"2016-10";"consoles_games";3619.36;7;517.051429
"2016-10";"cool_stuff";1046.1;7;149.442857
"2016-10";"diapers_and_hygiene";134.9;1;134.9
"2016-10";"electronics";107.99;1;107.99
"2016-10";"fashio_female_clothing";54.9;1;54.9
"2016-10";"fashion_bags_accessories";373.3;8;46.6625
"2016-10";"fashion_male_clothing";24.9;1;24.9
"2016-10";"fashion_shoes";29.99;1;29.99
"2016-10";"fixed_telephony";704.88;5;140.976
"2016-10";"food";79.9;1;79.9
"2016-10";"furniture_decor";5690.52;65;87.546462
"2016-10";"garden_tools";1359.88;5;271.976
"2016-10";"health_beauty";3439.25;40;85.98125
"2016-10";"housewares";1287.07;12;107.255833
"2016-10";"industry_commerce_and_business";359.6;4;89.9
"2016-10";"market_place";915.29;11;83.208182
"2016-10";"office_furniture";1300.88;6;216.813333
"2016-10";"perfumery";4829.1;29;166.52069
"2016-10";"pet_shop";689.68;4;172.42
"2016-10";"sports_leisure";2012.15;17;118.361765
"2016-10";"telephony";228.29;8;28.53625
"2016-10";"toys";4106.5;24;171.104167
"2016-10";"uncategorized";65.89;2;32.945
"2016-10";"watches_gifts";2711.07;4;677.7675
"2016-12";"fashion_bags_accessories";10.9;1;10.9
"2017-01";"agro_industry_and_commerce";65.97;3;21.99
"2017-01";"air_conditioning";663.7;4;165.925
"2017-01";"auto";4820.03;31;155.484839
"2017-01";"baby";6217.88;40;155.447
"2017-01";"bed_bath_table";3804.36;46;82.703478
"2017-01";"books_general_interest";234.89;2;117.445
"2017-01";"computers";2199.99;1;2199.99
"2017-01";"computers_accessories";3924.14;31;126.585161
"2017-01";"consoles_games";4514.44;21;214.973333
"2017-01";"cool_stuff";6856.87;37;185.320811
"2017-01";"dvds_blu_ray";29.8;2;14.9
"2017-01";"electronics";617.0;11;56.090909
"2017-01";"fashio_female_clothing";77.3;2;38.65
"2017-01";"fashion_bags_accessories";1671.97;35;47.770571
"2017-01";"fashion_male_clothing";126.9;1;126.9
"2017-01";"fashion_shoes";34.9;1;34.9
"2017-01";"fashion_underwear_beach";137.25;2;68.625
"2017-01";"fixed_telephony";677.12;22;30.778182
"2017-01";"food";42.82;2;21.41
"2017-01";"furniture_bedroom";73.2;8;9.15
"2017-01";"furniture_decor";13036.63;177;73.653277
"2017-01";"furniture_living_room";1241.9;10;124.19
"2017-01";"garden_tools";7466.95;54;138.276852
"2017-01";"health_beauty";12366.44;82;150.810244
"2017-01";"home_appliances_2";1916.78;7;273.825714
"2017-01";"home_comfort_2";72.8;2;36.4
"2017-01";"housewares";2827.58;28;100.985
"2017-01";"kitchen_dining_laundry_garden_furniture";110.0;1;110.0
"2017-01";"luggage_accessories";492.5;5;98.5
"2017-01";"market_place";414.14;5;82.828
"2017-01";"music";19.8;2;9.9
"2017-01";"musical_instruments";339.74;1;339.74
"2017-01";"office_furniture";1158.35;8;144.79375
"2017-01";"perfumery";5112.6;34;150.370588
"2017-01";"pet_shop";799.12;14;57.08
"2017-01";"security_and_services";183.29;1;183.29
"2017-01";"small_appliances";1660.79;6;276.798333
"2017-01";"sports_leisure";9212.14;74;124.488378
"2017-01";"stationery";1561.99;14;111.570714
"2017-01";"telephony";755.94;22;34.360909
"2017-01";"toys";4568.19;41;111.419268
"2017-01";"uncategorized";1603.64;12;133.636667
"2017-01";"watches_gifts";8086.52;11;735.138182
"2017-02";"agro_industry_and_commerce";224.84;7;32.12
"2017-02";"air_conditioning";2405.3;11;218.663636
"2017-02";"audio";163.8;5;32.76
"2017-02";"auto";12358.78;83;148.900964
"2017-02";"baby";2837.58;32;88.674375
"2017-02";"bed_bath_table";15572.13;157;99.185541
"2017-02";"books_general_interest";772.71;8;96.58875
"2017-02";"books_technical";159.0;1;159.0
"2017-02";"cine_photo";59.0;1;59.0
"2017-02";"computers";3549.0;1;3549.0
"2017-02";"computers_accessories";11319.09;100;113.1909
"2017-02";"consoles_games";4294.77;18;238.598333
"2017-02";"construction_tools_construction";336.79;3;112.263333
"2017-02";"construction_tools_safety";379.0;1;379.0
"2017-02";"cool_stuff";12454.6;69;180.501449
"2017-02";"costruction_tools_garden";579.98;2;289.99
"2017-02";"dvds_blu_ray";14.9;1;14.9
"2017-02";"electronics";1218.85;19;64.15
"2017-02";"fashio_female_clothing";363.9;3;121.3
"2017-02";"fashion_bags_accessories";2170.31;36;60.286389
"2017-02";"fashion_male_clothing";545.95;6;90.991667
"2017-02";"fashion_shoes";107.05;3;35.683333
"2017-02";"fashion_underwear_beach";396.97;8;49.62125
"2017-02";"fixed_telephony";759.23;22;34.510455
"2017-02";"food";676.73;8;84.59125
"2017-02";"furniture_bedroom";450.0;1;450.0
"2017-02";"furniture_decor";19926.41;257;77.534669
"2017-02";"furniture_living_room";3409.64;21;162.36381
"2017-02";"garden_tools";11734.62;69;170.066957
"2017-02";"health_beauty";22059.92;154;143.246234
"2017-02";"home_appliances";740.9;7;105.842857
"2017-02";"home_appliances_2";15.99;1;15.99
"2017-02";"home_confort";414.66;3;138.22
"2017-02";"home_construction";695.6;4;173.9
"2017-02";"housewares";11295.34;69;163.70058
"2017-02";"industry_commerce_and_business";119.0;1;119.0
"2017-02";"kitchen_dining_laundry_garden_furniture";139.9;2;69.95
"2017-02";"luggage_accessories";1659.19;20;82.9595
"2017-02";"market_place";1574.22;20;78.711
"2017-02";"musical_instruments";2221.28;9;246.808889
"2017-02";"office_furniture";10845.98;62;174.935161
"2017-02";"perfumery";8040.38;49;164.089388
"2017-02";"pet_shop";3584.87;39;91.919744
"2017-02";"small_appliances";7251.58;28;258.985
"2017-02";"sports_leisure";15629.98;149;104.899195
"2017-02";"stationery";2341.4;19;123.231579
"2017-02";"tablets_printing_image";792.0;8;99.0
"2017-02";"telephony";6693.34;106;63.144717
"2017-02";"toys";9353.44;66;141.718788
"2017-02";"uncategorized";8521.11;56;152.162679
"2017-02";"watches_gifts";10992.39;33;333.102727
"2017-03";"agro_industry_and_commerce";81.99;2;40.995
"2017-03";"air_conditioning";4103.81;17;241.400588
"2017-03";"art";174.6;4;43.65
"2017-03";"audio";1134.77;14;81.055
"2017-03";"auto";13272.93;78;170.165769
"2017-03";"baby";3592.28;42;85.530476
"2017-03";"bed_bath_table";25120.02;279;90.035914
"2017-03";"books_general_interest";2533.96;24;105.581667
"2017-03";"books_technical";75.0;2;37.5
"2017-03";"computers_accessories";28078.8;171;164.203509
"2017-03";"consoles_games";9834.04;47;209.234894
"2017-03";"construction_tools_construction";38.9;1;38.9
"2017-03";"cool_stuff";20583.33;118;174.435
"2017-03";"drinks";463.87;5;92.774
"2017-03";"dvds_blu_ray";453.7;4;113.425
"2017-03";"electronics";3986.0;37;107.72973
"2017-03";"fashio_female_clothing";19.9;1;19.9
"2017-03";"fashion_bags_accessories";4786.36;66;72.520606
"2017-03";"fashion_male_clothing";580.8;9;64.533333
"2017-03";"fashion_shoes";1515.0;14;108.214286
"2017-03";"fashion_sport";39.9;1;39.9
"2017-03";"fashion_underwear_beach";394.14;6;65.69
"2017-03";"fixed_telephony";1333.45;20;66.6725
"2017-03";"food";2412.66;21;114.888571
"2017-03";"food_drink";85.8;4;21.45
"2017-03";"furniture_decor";22133.47;315;70.264984
"2017-03";"furniture_living_room";3324.0;24;138.5
"2017-03";"garden_tools";23508.76;146;161.018904
"2017-03";"health_beauty";25652.45;208;123.329087
"2017-03";"home_appliances";313.3;10;31.33
"2017-03";"home_appliances_2";500.9;2;250.45
"2017-03";"home_comfort_2";342.88;3;114.293333
"2017-03";"home_confort";2123.4;13;163.338462
"2017-03";"home_construction";591.96;10;59.196
"2017-03";"housewares";12906.96;196;65.851837
"2017-03";"industry_commerce_and_business";238.0;2;119.0
"2017-03";"kitchen_dining_laundry_garden_furniture";113.98;3;37.993333
"2017-03";"luggage_accessories";5924.01;38;155.895
"2017-03";"market_place";1808.59;17;106.387647
"2017-03";"music";27.99;1;27.99
"2017-03";"musical_instruments";1667.33;10;166.733
"2017-03";"office_furniture";10793.85;74;145.862838
"2017-03";"perfumery";19608.14;105;186.74419
"2017-03";"pet_shop";8240.06;44;187.274091
"2017-03";"signaling_and_security";75.0;1;75.0
"2017-03";"small_appliances";11171.06;31;360.356774
"2017-03";"sports_leisure";25472.89;190;134.067842
"2017-03";"stationery";5902.62;56;105.403929
"2017-03";"tablets_printing_image";495.0;5;99.0
"2017-03";"telephony";7877.12;165;47.740121
"2017-03";"toys";12339.57;102;120.976176
"2017-03";"uncategorized";6457.17;60;107.6195
"2017-03";"watches_gifts";24892.38;79;315.093418
"2017-04";"air_conditioning";2492.23;15;166.148667
"2017-04";"art";119.9;1;119.9
"2017-04";"audio";942.2;11;85.654545
"2017-04";"auto";15149.32;84;180.349048
"2017-04";"baby";3930.55;50;78.611
"2017-04";"bed_bath_table";24092.89;271;88.903653
"2017-04";"books_general_interest";923.38;12;76.948333
"2017-04";"books_imported";19.99;1;19.99
"2017-04";"books_technical";75.0;1;75.0
"2017-04";"christmas_supplies";69.0;1;69.0
"2017-04";"cine_photo";118.0;2;59.0
"2017-04";"computers_accessories";18353.46;132;139.041364
"2017-04";"consoles_games";3772.88;17;221.934118
"2017-04";"cool_stuff";20902.39;114;183.354298
"2017-04";"costruction_tools_garden";1490.21;8;186.27625
"2017-04";"costruction_tools_tools";729.0;1;729.0
"2017-04";"dvds_blu_ray";1434.9;2;717.45
"2017-04";"electronics";4822.24;48;100.463333
"2017-04";"fashio_female_clothing";64.9;1;64.9
"2017-04";"fashion_bags_accessories";3095.9;48;64.497917
"2017-04";"fashion_male_clothing";366.89;5;73.378
"2017-04";"fashion_shoes";1526.5;23;66.369565
"2017-04";"fashion_sport";189.78;4;47.445
"2017-04";"fashion_underwear_beach";92.89;3;30.963333
"2017-04";"fixed_telephony";505.83;6;84.305
"2017-04";"food";491.3;8;61.4125
"2017-04";"food_drink";47.9;3;15.966667
"2017-04";"furniture_bedroom";628.98;3;209.66
"2017-04";"furniture_decor";19211.23;191;100.582356
"2017-04";"furniture_living_room";2073.34;12;172.778333
"2017-04";"furniture_mattress_and_upholstery";109.4;1;109.4
"2017-04";"garden_tools";17648.93;108;163.416019
"2017-04";"health_beauty";22156.34;180;123.090778
"2017-04";"home_appliances";499.4;10;49.94
"2017-04";"home_appliances_2";799.8;2;399.9
"2017-04";"home_comfort_2";12.9;1;12.9
"2017-04";"home_confort";2411.1;17;141.829412
"2017-04";"home_construction";1602.69;5;320.538
"2017-04";"housewares";12472.18;169;73.799882
"2017-04";"kitchen_dining_laundry_garden_furniture";1033.4;9;114.822222
"2017-04";"la_cuisine";24.0;1;24.0
"2017-04";"luggage_accessories";7090.3;48;147.714583
"2017-04";"market_place";4045.28;19;212.909474
"2017-04";"music";59.8;2;29.9
"2017-04";"musical_instruments";3818.43;16;238.651875
"2017-04";"office_furniture";9411.3;58;162.263793
"2017-04";"pc_gamer";259.98;2;129.99
"2017-04";"perfumery";19436.51;101;192.440693
"2017-04";"pet_shop";6182.89;51;121.233137
"2017-04";"signaling_and_security";128.06;3;42.686667
"2017-04";"small_appliances";23114.98;20;1155.749
"2017-04";"sports_leisure";22997.06;203;113.28601
"2017-04";"stationery";4551.44;35;130.041143
"2017-04";"tablets_printing_image";1112.88;11;101.170909
"2017-04";"telephony";7133.94;142;50.239014
"2017-04";"toys";13039.43;113;115.393186
"2017-04";"uncategorized";8448.19;69;122.437536
"2017-04";"watches_gifts";23336.09;95;245.643053
"2017-05";"agro_industry_and_commerce";1579.94;4;394.985
"2017-05";"air_conditioning";914.87;7;130.695714
"2017-05";"art";6927.25;6;1154.541667
"2017-05";"arts_and_craftmanship";21.99;1;21.99
"2017-05";"audio";2081.18;17;122.422353
"2017-05";"auto";17501.25;113;154.878319
"2017-05";"baby";8933.72;102;87.58549
"2017-05";"bed_bath_table";32684.6;361;90.539058
"2017-05";"books_general_interest";1841.57;20;92.0785
"2017-05";"books_technical";262.0;3;87.333333
"2017-05";"cine_photo";59.0;1;59.0
"2017-05";"computers_accessories";44759.39;309;144.852395
"2017-05";"consoles_games";2507.2;29;86.455172
"2017-05";"construction_tools_construction";99.99;1;99.99
"2017-05";"cool_stuff";32481.6;241;134.778423
"2017-05";"costruction_tools_garden";1447.34;7;206.762857
"2017-05";"costruction_tools_tools";803.9;2;401.95
"2017-05";"drinks";90.0;1;90.0
"2017-05";"dvds_blu_ray";89.6;4;22.4
"2017-05";"electronics";6149.11;65;94.601692
"2017-05";"fashio_female_clothing";367.5;4;91.875
"2017-05";"fashion_bags_accessories";7192.0;104;69.153846
"2017-05";"fashion_childrens_clothes";110.0;1;110.0
"2017-05";"fashion_male_clothing";608.9;4;152.225
"2017-05";"fashion_shoes";1669.54;22;75.888182
"2017-05";"fashion_sport";124.84;3;41.613333
"2017-05";"fashion_underwear_beach";283.5;7;40.5
"2017-05";"fixed_telephony";445.83;9;49.536667
"2017-05";"food";387.9;3;129.3
"2017-05";"food_drink";345.49;12;28.790833
"2017-05";"furniture_bedroom";2369.97;9;263.33
"2017-05";"furniture_decor";22312.54;271;82.334096
"2017-05";"furniture_living_room";4479.45;32;139.982813
"2017-05";"furniture_mattress_and_upholstery";595.89;3;198.63
"2017-05";"garden_tools";20372.57;138;147.627319
"2017-05";"health_beauty";46340.06;284;163.169225
"2017-05";"home_appliances";1912.79;28;68.313929
"2017-05";"home_appliances_2";1306.05;7;186.578571
"2017-05";"home_confort";5114.07;35;146.116286
"2017-05";"home_construction";1620.5;7;231.5
"2017-05";"housewares";21374.9;302;70.777815
"2017-05";"industry_commerce_and_business";519.8;2;259.9
"2017-05";"kitchen_dining_laundry_garden_furniture";1304.48;9;144.942222
"2017-05";"la_cuisine";193.0;1;193.0
"2017-05";"luggage_accessories";12539.62;70;179.137429
"2017-05";"market_place";2476.98;22;112.59
"2017-05";"musical_instruments";9639.44;20;481.972
"2017-05";"office_furniture";8403.43;56;150.06125
"2017-05";"pc_gamer";129.99;1;129.99
"2017-05";"perfumery";19982.06;143;139.734685
"2017-05";"pet_shop";8151.02;73;111.657808
"2017-05";"signaling_and_security";508.85;4;127.2125
"2017-05";"small_appliances";5241.44;18;291.191111
"2017-05";"sports_leisure";34101.73;305;111.808951
"2017-05";"stationery";5600.18;64;87.502813
"2017-05";"tablets_printing_image";1514.98;7;216.425714
"2017-05";"telephony";8844.39;214;41.328925
"2017-05";"toys";22179.25;196;113.159439
"2017-05";"uncategorized";10818.34;91;118.882857
"2017-05";"watches_gifts";36619.48;129;283.871938
"2017-06";"agro_industry_and_commerce";1390.0;1;1390.0
"2017-06";"air_conditioning";2084.48;11;189.498182
"2017-06";"art";200.3;4;50.075
"2017-06";"audio";1671.0;11;151.909091
"2017-06";"auto";29335.71;110;266.688273
"2017-06";"baby";7864.74;78;100.83
"2017-06";"bed_bath_table";33803.23;369;91.607669
"2017-06";"books_general_interest";1922.18;20;96.109
"2017-06";"books_imported";99.0;2;49.5
"2017-06";"books_technical";145.9;2;72.95
"2017-06";"christmas_supplies";184.7;3;61.566667
"2017-06";"cine_photo";79.0;1;79.0
"2017-06";"computers_accessories";36193.7;254;142.494882
"2017-06";"consoles_games";5309.03;29;183.07
"2017-06";"construction_tools_construction";376.37;8;47.04625
"2017-06";"cool_stuff";38109.61;199;191.505578
"2017-06";"costruction_tools_garden";434.69;4;108.6725
"2017-06";"drinks";49.99;1;49.99
"2017-06";"dvds_blu_ray";126.69;4;31.6725
"2017-06";"electronics";2060.04;41;50.244878
"2017-06";"fashio_female_clothing";154.8;3;51.6
"2017-06";"fashion_bags_accessories";6722.13;81;82.989259
"2017-06";"fashion_childrens_clothes";110.0;1;110.0
"2017-06";"fashion_male_clothing";519.79;9;57.754444
"2017-06";"fashion_shoes";1279.38;19;67.335789
"2017-06";"fashion_sport";470.5;5;94.1
"2017-06";"fashion_underwear_beach";3.9;1;3.9
"2017-06";"fixed_telephony";933.67;12;77.805833
"2017-06";"food";149.9;1;149.9
"2017-06";"food_drink";57.4;2;28.7
"2017-06";"furniture_bedroom";308.99;2;154.495
"2017-06";"furniture_decor";16614.29;230;72.236043
"2017-06";"furniture_living_room";1713.3;15;114.22
"2017-06";"garden_tools";15447.09;110;140.428091
"2017-06";"health_beauty";31676.81;254;124.71185
"2017-06";"home_appliances";2507.19;43;58.306744
"2017-06";"home_appliances_2";1213.87;6;202.311667
"2017-06";"home_comfort_2";12.9;1;12.9
"2017-06";"home_confort";2818.2;17;165.776471
"2017-06";"home_construction";1992.3;8;249.0375
"2017-06";"housewares";22978.21;321;71.583209
"2017-06";"industry_commerce_and_business";276.97;2;138.485
"2017-06";"kitchen_dining_laundry_garden_furniture";374.8;4;93.7
"2017-06";"luggage_accessories";8142.19;60;135.703167
"2017-06";"market_place";1258.95;16;78.684375
"2017-06";"music";1066.9;4;266.725
"2017-06";"musical_instruments";4993.05;20;249.6525
"2017-06";"office_furniture";7279.13;50;145.5826
"2017-06";"pc_gamer";129.99;1;129.99
"2017-06";"perfumery";23954.32;148;161.853514
"2017-06";"pet_shop";5123.57;63;81.326508
"2017-06";"signaling_and_security";134.0;1;134.0
"2017-06";"small_appliances";9698.81;23;421.687391
"2017-06";"small_appliances_home_oven_and_coffee";71.9;1;71.9
"2017-06";"sports_leisure";32066.93;269;119.207918
"2017-06";"stationery";3493.57;38;91.936053
"2017-06";"tablets_printing_image";594.0;6;99.0
"2017-06";"telephony";6561.73;157;41.794459
"2017-06";"toys";15337.55;156;98.317628
"2017-06";"uncategorized";4902.4;58;84.524138
"2017-06";"watches_gifts";27337.63;119;229.727983
"2017-07";"agro_industry_and_commerce";1180.0;1;1180.0
"2017-07";"air_conditioning";1396.1;5;279.22
"2017-07";"art";386.75;3;128.916667
"2017-07";"arts_and_craftmanship";129.9;1;129.9
"2017-07";"audio";673.69;6;112.281667
"2017-07";"auto";13886.85;114;121.814474
"2017-07";"baby";15461.41;125;123.69128
"2017-07";"bed_bath_table";62786.96;569;110.346151
"2017-07";"books_general_interest";1292.4;13;99.415385
"2017-07";"books_technical";528.0;2;264.0
"2017-07";"cds_dvds_musicals";225.0;5;45.0
"2017-07";"christmas_supplies";65.09;2;32.545
"2017-07";"computers_accessories";38176.22;320;119.300688
"2017-07";"consoles_games";5411.24;47;115.132766
"2017-07";"construction_tools_construction";549.44;6;91.573333
"2017-07";"construction_tools_lights";360.0;1;360.0
"2017-07";"cool_stuff";36653.46;228;160.760789
"2017-07";"costruction_tools_garden";347.58;8;43.4475
"2017-07";"drinks";273.97;3;91.323333
"2017-07";"dvds_blu_ray";732.8;3;244.266667
"2017-07";"electronics";7266.04;94;77.298298
"2017-07";"fashio_female_clothing";310.7;4;77.675
"2017-07";"fashion_bags_accessories";5063.21;86;58.874535
"2017-07";"fashion_male_clothing";719.99;9;79.998889
"2017-07";"fashion_shoes";1283.02;19;67.527368
"2017-07";"fashion_sport";69.9;1;69.9
"2017-07";"fashion_underwear_beach";274.8;3;91.6
"2017-07";"fixed_telephony";218.73;9;24.303333
"2017-07";"food";584.16;7;83.451429
"2017-07";"food_drink";168.2;8;21.025
"2017-07";"furniture_bedroom";1077.99;4;269.4975
"2017-07";"furniture_decor";24028.12;314;76.522675
"2017-07";"furniture_living_room";3826.12;30;127.537333
"2017-07";"furniture_mattress_and_upholstery";109.4;1;109.4
"2017-07";"garden_tools";18951.3;184;102.996196
"2017-07";"health_beauty";34239.45;308;111.167045
"2017-07";"home_appliances";3671.99;37;99.242973
"2017-07";"home_appliances_2";1033.99;7;147.712857
"2017-07";"home_comfort_2";12.9;1;12.9
"2017-07";"home_confort";4563.85;43;106.136047
"2017-07";"home_construction";93.6;2;46.8
"2017-07";"housewares";20251.53;271;74.728893
"2017-07";"industry_commerce_and_business";245.96;2;122.98
"2017-07";"kitchen_dining_laundry_garden_furniture";1316.5;11;119.681818
"2017-07";"la_cuisine";469.99;4;117.4975
"2017-07";"luggage_accessories";8311.71;73;113.859041
"2017-07";"market_place";1573.38;13;121.029231
"2017-07";"music";329.0;1;329.0
"2017-07";"musical_instruments";7282.59;30;242.753
"2017-07";"office_furniture";16892.61;115;146.892261
"2017-07";"party_supplies";69.9;1;69.9
"2017-07";"perfumery";12734.25;121;105.241736
"2017-07";"pet_shop";6575.97;85;77.364353
"2017-07";"signaling_and_security";475.91;5;95.182
"2017-07";"small_appliances";3587.23;31;115.717097
"2017-07";"sports_leisure";36618.83;375;97.650213
"2017-07";"stationery";6906.85;77;89.699351
"2017-07";"tablets_printing_image";198.0;2;99.0
"2017-07";"telephony";9052.87;143;63.306783
"2017-07";"toys";23956.84;203;118.01399
"2017-07";"uncategorized";2967.86;58;51.17
"2017-07";"watches_gifts";33702.42;162;208.03963
"2017-08";"agro_industry_and_commerce";88.0;4;22.0
"2017-08";"air_conditioning";4271.73;15;284.782
"2017-08";"art";244.7;4;61.175
"2017-08";"audio";1050.7;7;150.1
"2017-08";"auto";18922.61;161;117.531739
"2017-08";"baby";19160.1;127;150.866929
"2017-08";"bed_bath_table";56580.63;506;111.819427
"2017-08";"books_general_interest";2275.0;27;84.259259
"2017-08";"books_imported";61.0;1;61.0
"2017-08";"books_technical";1196.38;9;132.931111
"2017-08";"cds_dvds_musicals";135.0;3;45.0
"2017-08";"christmas_supplies";58.9;1;58.9
"2017-08";"computers";32400.0;28;1157.142857
"2017-08";"computers_accessories";33826.47;341;99.197859
"2017-08";"consoles_games";8054.75;84;95.889881
"2017-08";"construction_tools_construction";1180.0;7;168.571429
"2017-08";"construction_tools_lights";589.0;2;294.5
"2017-08";"construction_tools_safety";8.9;1;8.9
"2017-08";"cool_stuff";38264.51;256;149.470742
"2017-08";"costruction_tools_garden";1286.19;10;128.619
"2017-08";"drinks";119.9;2;59.95
"2017-08";"dvds_blu_ray";113.4;6;18.9
"2017-08";"electronics";2854.15;56;50.966964
"2017-08";"fashio_female_clothing";188.7;4;47.175
"2017-08";"fashion_bags_accessories";6438.89;95;67.777789
"2017-08";"fashion_male_clothing";1175.06;14;83.932857
"2017-08";"fashion_shoes";1491.69;22;67.804091
"2017-08";"fashion_sport";265.8;2;132.9
"2017-08";"fashion_underwear_beach";1111.0;13;85.461538
"2017-08";"fixed_telephony";3343.54;20;167.177
"2017-08";"food";364.5;8;45.5625
"2017-08";"food_drink";494.81;15;32.987333
"2017-08";"furniture_bedroom";618.0;3;206.0
"2017-08";"furniture_decor";33595.89;426;78.863592
"2017-08";"furniture_living_room";2478.07;23;107.742174
"2017-08";"furniture_mattress_and_upholstery";509.39;2;254.695
"2017-08";"garden_tools";22920.93;233;98.37309
"2017-08";"health_beauty";49030.23;352;139.290426
"2017-08";"home_appliances";3921.35;42;93.365476
"2017-08";"home_appliances_2";3686.55;15;245.77
"2017-08";"home_comfort_2";38.7;3;12.9
"2017-08";"home_confort";4000.19;28;142.863929
"2017-08";"home_construction";124.8;1;124.8
"2017-08";"housewares";23427.84;280;83.670857
"2017-08";"industry_commerce_and_business";956.9;3;318.966667
"2017-08";"kitchen_dining_laundry_garden_furniture";1006.2;7;143.742857
"2017-08";"la_cuisine";313.0;2;156.5
"2017-08";"luggage_accessories";6533.1;62;105.372581
"2017-08";"market_place";1937.39;23;84.234348
"2017-08";"musical_instruments";7089.55;23;308.241304
"2017-08";"office_furniture";9877.36;58;170.29931
"2017-08";"perfumery";13085.1;127;103.032283
"2017-08";"pet_shop";10425.79;89;117.143708
"2017-08";"signaling_and_security";377.8;4;94.45
"2017-08";"small_appliances";4297.01;36;119.361389
"2017-08";"small_appliances_home_oven_and_coffee";21.9;1;21.9
"2017-08";"sports_leisure";40624.77;417;97.421511
"2017-08";"stationery";6366.91;80;79.586375
"2017-08";"tablets_printing_image";450.89;6;75.148333
"2017-08";"telephony";10553.31;132;79.949318
"2017-08";"toys";17675.37;182;97.117418
"2017-08";"uncategorized";4968.45;75;66.246
"2017-08";"watches_gifts";36170.95;211;171.426303
"2017-09";"agro_industry_and_commerce";1993.99;4;498.4975
"2017-09";"air_conditioning";1629.15;7;232.735714
"2017-09";"art";388.54;3;129.513333
"2017-09";"audio";1042.59;10;104.259
"2017-09";"auto";14126.77;107;132.025888
"2017-09";"baby";23232.45;170;136.661471
"2017-09";"bed_bath_table";52105.61;528;98.684867
"2017-09";"books_general_interest";932.24;14;66.588571
"2017-09";"books_imported";290.0;4;72.5
"2017-09";"books_technical";1001.35;8;125.16875
"2017-09";"christmas_supplies";254.7;4;63.675
"2017-09";"cine_photo";69.0;1;69.0
"2017-09";"computers";51228.89;40;1280.72225
"2017-09";"computers_accessories";28040.65;247;113.524899
"2017-09";"consoles_games";8150.57;63;129.374127
"2017-09";"construction_tools_construction";1240.3;10;124.03
"2017-09";"construction_tools_lights";229.0;1;229.0
"2017-09";"construction_tools_safety";1124.54;5;224.908
"2017-09";"cool_stuff";37547.47;203;184.962906
"2017-09";"costruction_tools_garden";251.6;5;50.32
"2017-09";"costruction_tools_tools";916.89;3;305.63
"2017-09";"drinks";244.98;6;40.83
"2017-09";"dvds_blu_ray";39.8;2;19.9
"2017-09";"electronics";4338.96;67;64.760597
"2017-09";"fashio_female_clothing";355.7;4;88.925
"2017-09";"fashion_bags_accessories";11778.24;122;96.542951
"2017-09";"fashion_childrens_clothes";89.99;1;89.99
"2017-09";"fashion_male_clothing";1177.5;16;73.59375
"2017-09";"fashion_shoes";1099.7;13;84.592308
"2017-09";"fashion_sport";384.6;5;76.92
"2017-09";"fashion_underwear_beach";1619.9;16;101.24375
"2017-09";"fixed_telephony";13692.91;13;1053.300769
"2017-09";"food";992.92;17;58.407059
"2017-09";"food_drink";310.86;9;34.54
"2017-09";"furniture_bedroom";709.6;4;177.4
"2017-09";"furniture_decor";30554.92;343;89.081399
"2017-09";"furniture_living_room";1275.87;11;115.988182
"2017-09";"furniture_mattress_and_upholstery";86.5;1;86.5
"2017-09";"garden_tools";22028.43;222;99.227162
"2017-09";"health_beauty";50649.16;376;134.705213
"2017-09";"home_appliances";1820.19;10;182.019
"2017-09";"home_appliances_2";1627.8;6;271.3
"2017-09";"home_comfort_2";12.9;1;12.9
"2017-09";"home_confort";4592.34;33;139.161818
"2017-09";"home_construction";1357.81;11;123.437273
"2017-09";"housewares";19941.56;249;80.086586
"2017-09";"industry_commerce_and_business";219.98;2;109.99
"2017-09";"kitchen_dining_laundry_garden_furniture";409.6;4;102.4
"2017-09";"luggage_accessories";3885.38;42;92.509048
"2017-09";"market_place";1147.21;11;104.291818
"2017-09";"musical_instruments";8507.4;26;327.207692
"2017-09";"office_furniture";9118.67;60;151.977833
"2017-09";"party_supplies";269.8;2;134.9
"2017-09";"perfumery";14051.3;153;91.838562
"2017-09";"pet_shop";8534.92;71;120.210141
"2017-09";"security_and_services";100.0;1;100.0
"2017-09";"signaling_and_security";438.4;9;48.711111
"2017-09";"small_appliances";10030.74;30;334.358
"2017-09";"small_appliances_home_oven_and_coffee";640.99;1;640.99
"2017-09";"sports_leisure";48972.11;453;108.106203
"2017-09";"stationery";5851.52;75;78.020267
"2017-09";"tablets_printing_image";233.9;3;77.966667
"2017-09";"telephony";18278.37;173;105.655318
"2017-09";"toys";29606.83;289;102.445779
"2017-09";"uncategorized";5774.15;73;79.097945
"2017-09";"watches_gifts";44748.96;264;169.503636
"2017-10";"agro_industry_and_commerce";3350.28;5;670.056
"2017-10";"air_conditioning";2562.42;12;213.535
"2017-10";"art";349.05;3;116.35
"2017-10";"audio";2328.58;31;75.115484
"2017-10";"auto";21419.39;148;144.725608
"2017-10";"baby";16497.5;138;119.547101
"2017-10";"bed_bath_table";46007.7;542;84.885055
"2017-10";"books_general_interest";734.5;11;66.772727
"2017-10";"books_technical";880.0;6;146.666667
"2017-10";"cds_dvds_musicals";45.0;1;45.0
"2017-10";"christmas_supplies";388.05;12;32.3375
"2017-10";"cine_photo";69.0;1;69.0
"2017-10";"computers";40393.92;27;1496.071111
"2017-10";"computers_accessories";42009.38;309;135.952686
"2017-10";"consoles_games";10380.72;105;98.864
"2017-10";"construction_tools_construction";2576.18;19;135.588421
"2017-10";"construction_tools_lights";500.0;2;250.0
"2017-10";"construction_tools_safety";1668.85;12;139.070833
"2017-10";"cool_stuff";44348.23;254;174.599331
"2017-10";"costruction_tools_garden";746.9;9;82.988889
"2017-10";"costruction_tools_tools";1018.6;5;203.72
"2017-10";"drinks";596.98;12;49.748333
"2017-10";"dvds_blu_ray";174.6;4;43.65
"2017-10";"electronics";3376.35;62;54.457258
"2017-10";"fashion_bags_accessories";7584.66;108;70.228333
"2017-10";"fashion_childrens_clothes";39.99;1;39.99
"2017-10";"fashion_male_clothing";971.9;10;97.19
"2017-10";"fashion_shoes";1860.92;18;103.384444
"2017-10";"fashion_sport";59.9;1;59.9
"2017-10";"fashion_underwear_beach";187.8;3;62.6
"2017-10";"fixed_telephony";3751.88;7;535.982857
"2017-10";"food";806.06;17;47.415294
"2017-10";"food_drink";2297.23;17;135.131176
"2017-10";"furniture_bedroom";943.9;3;314.633333
"2017-10";"furniture_decor";30009.74;375;80.025973
"2017-10";"furniture_living_room";1532.79;19;80.673158
"2017-10";"garden_tools";25798.75;280;92.138393
"2017-10";"health_beauty";40698.99;350;116.282829
"2017-10";"home_appliances";1837.68;7;262.525714
"2017-10";"home_appliances_2";2104.27;9;233.807778
"2017-10";"home_comfort_2";64.5;5;12.9
"2017-10";"home_confort";3619.8;27;134.066667
"2017-10";"home_construction";4201.17;18;233.398333
"2017-10";"housewares";15883.68;229;69.361048
"2017-10";"industry_commerce_and_business";2256.69;5;451.338
"2017-10";"kitchen_dining_laundry_garden_furniture";3428.6;16;214.2875
"2017-10";"la_cuisine";137.0;1;137.0
"2017-10";"luggage_accessories";6240.34;56;111.434643
"2017-10";"market_place";1019.54;11;92.685455
"2017-10";"music";54.9;1;54.9
"2017-10";"musical_instruments";6329.26;19;333.118947
"2017-10";"office_furniture";17890.83;102;175.400294
"2017-10";"party_supplies";137.8;2;68.9
"2017-10";"perfumery";16877.82;187;90.255722
"2017-10";"pet_shop";8243.58;76;108.468158
"2017-10";"signaling_and_security";744.0;10;74.4
"2017-10";"small_appliances";6464.85;32;202.026563
"2017-10";"sports_leisure";48568.98;462;105.127662
"2017-10";"stationery";7697.17;96;80.178854
"2017-10";"tablets_printing_image";99.0;1;99.0
"2017-10";"telephony";20859.18;244;85.488443
"2017-10";"toys";33324.42;283;117.754134
"2017-10";"uncategorized";16321.27;68;240.018676
"2017-10";"watches_gifts";64874.63;308;210.631916
"2017-11";"agro_industry_and_commerce";13932.49;19;733.288947
"2017-11";"air_conditioning";4076.62;19;214.558947
"2017-11";"art";75.0;1;75.0
"2017-11";"audio";3677.23;36;102.145278
"2017-11";"auto";34736.49;260;133.601885
"2017-11";"baby";21048.19;197;106.843604
"2017-11";"bed_bath_table";87957.63;961;91.52719
"2017-11";"books_general_interest";2630.97;37;71.107297
"2017-11";"books_imported";247.0;3;82.333333
"2017-11";"books_technical";768.9;6;128.15
"2017-11";"cds_dvds_musicals";195.0;3;65.0
"2017-11";"christmas_supplies";1312.6;22;59.663636
"2017-11";"cine_photo";242.0;1;242.0
"2017-11";"computers";9768.0;7;1395.428571
"2017-11";"computers_accessories";69676.32;512;136.086563
"2017-11";"consoles_games";11772.28;128;91.970938
"2017-11";"construction_tools_construction";6993.56;47;148.799149
"2017-11";"construction_tools_lights";2199.48;10;219.948
"2017-11";"construction_tools_safety";3280.69;14;234.335
"2017-11";"cool_stuff";55696.66;297;187.530842
"2017-11";"costruction_tools_garden";1218.5;17;71.676471
"2017-11";"costruction_tools_tools";269.5;5;53.9
"2017-11";"drinks";674.12;18;37.451111
"2017-11";"dvds_blu_ray";79.79;3;26.596667
"2017-11";"electronics";9992.99;182;54.906538
"2017-11";"fashio_female_clothing";59.98;2;29.99
"2017-11";"fashion_bags_accessories";12849.33;193;66.576839
"2017-11";"fashion_male_clothing";880.99;11;80.09
"2017-11";"fashion_shoes";1707.8;19;89.884211
"2017-11";"fashion_sport";59.9;1;59.9
"2017-11";"fashion_underwear_beach";1221.6;10;122.16
"2017-11";"fixed_telephony";943.98;5;188.796
"2017-11";"flowers";187.8;6;31.3
"2017-11";"food";498.09;14;35.577857
"2017-11";"food_drink";2445.57;33;74.108182
"2017-11";"furniture_bedroom";873.0;3;291.0
"2017-11";"furniture_decor";62091.27;767;80.953416
"2017-11";"furniture_living_room";6212.95;39;159.30641
"2017-11";"furniture_mattress_and_upholstery";334.0;2;167.0
"2017-11";"garden_tools";44275.18;547;80.941828
"2017-11";"health_beauty";78274.4;573;136.604538
"2017-11";"home_appliances";4515.94;25;180.6376
"2017-11";"home_appliances_2";4854.93;13;373.456154
"2017-11";"home_comfort_2";38.7;3;12.9
"2017-11";"home_confort";5355.39;45;119.008667
"2017-11";"home_construction";4936.72;38;129.913684
"2017-11";"housewares";33872.42;412;82.214612
"2017-11";"industry_commerce_and_business";1994.87;6;332.478333
"2017-11";"kitchen_dining_laundry_garden_furniture";5007.39;33;151.739091
"2017-11";"la_cuisine";137.0;1;137.0
"2017-11";"luggage_accessories";8301.15;70;118.587857
"2017-11";"market_place";1355.98;16;84.74875
"2017-11";"musical_instruments";15776.89;42;375.640238
"2017-11";"office_furniture";17919.2;101;177.417822
"2017-11";"party_supplies";850.7;3;283.566667
"2017-11";"perfumery";31612.13;304;103.98727
"2017-11";"pet_shop";11167.79;97;115.131856
"2017-11";"signaling_and_security";596.79;5;119.358
"2017-11";"small_appliances";6782.92;28;242.247143
"2017-11";"sports_leisure";62686.24;597;105.002077
"2017-11";"stationery";16406.19;163;100.651472
"2017-11";"tablets_printing_image";350.4;6;58.4
"2017-11";"telephony";26117.63;371;70.397925
"2017-11";"toys";62611.26;485;129.095381
"2017-11";"uncategorized";13786.55;118;116.835169
"2017-11";"watches_gifts";95292.34;463;205.814989
"2017-12";"agro_industry_and_commerce";5291.7;11;481.063636
"2017-12";"air_conditioning";668.8;3;222.933333
"2017-12";"art";115.25;3;38.416667
"2017-12";"audio";2686.93;17;158.054706
"2017-12";"auto";39019.96;263;148.364867
"2017-12";"baby";19658.48;139;141.427914
"2017-12";"bed_bath_table";50081.16;546;91.723736
"2017-12";"books_general_interest";2352.2;41;57.370732
"2017-12";"books_imported";231.0;3;77.0
"2017-12";"books_technical";670.69;4;167.6725
"2017-12";"cds_dvds_musicals";65.0;1;65.0
"2017-12";"christmas_supplies";493.9;16;30.86875
"2017-12";"computers";16741.0;23;727.869565
"2017-12";"computers_accessories";37428.67;284;131.791092
"2017-12";"consoles_games";8885.01;92;96.576196
"2017-12";"construction_tools_construction";5830.35;27;215.938889
"2017-12";"construction_tools_lights";176.0;2;88.0
"2017-12";"construction_tools_safety";1384.92;7;197.845714
"2017-12";"cool_stuff";37515.57;248;151.27246
"2017-12";"costruction_tools_garden";928.9;6;154.816667
"2017-12";"costruction_tools_tools";349.4;6;58.233333
"2017-12";"diapers_and_hygiene";76.0;2;38.0
"2017-12";"drinks";2132.84;34;62.730588
"2017-12";"dvds_blu_ray";119.9;1;119.9
"2017-12";"electronics";8518.61;209;40.7589
"2017-12";"fashion_bags_accessories";9999.76;134;74.625075
"2017-12";"fashion_male_clothing";450.89;4;112.7225
"2017-12";"fashion_shoes";1099.0;13;84.538462
"2017-12";"fashion_sport";59.9;1;59.9
"2017-12";"fashion_underwear_beach";1173.1;13;90.238462
"2017-12";"fixed_telephony";998.77;5;199.754
"2017-12";"flowers";82.7;2;41.35
"2017-12";"food";939.34;13;72.256923
"2017-12";"food_drink";1033.68;21;49.222857
"2017-12";"furniture_bedroom";185.0;1;185.0
"2017-12";"furniture_decor";31073.09;378;82.203942
"2017-12";"furniture_living_room";2316.01;20;115.8005
"2017-12";"furniture_mattress_and_upholstery";803.7;8;100.4625
"2017-12";"garden_tools";26795.69;323;82.958793
"2017-12";"health_beauty";60688.75;460;131.932065
"2017-12";"home_appliances";1331.0;16;83.1875
"2017-12";"home_appliances_2";1990.16;8;248.77
"2017-12";"home_confort";2257.8;14;161.271429
"2017-12";"home_construction";6525.3;38;171.718421
"2017-12";"housewares";25285.96;288;87.798472
"2017-12";"industry_commerce_and_business";1828.5;9;203.166667
"2017-12";"kitchen_dining_laundry_garden_furniture";4277.3;20;213.865
"2017-12";"luggage_accessories";5969.21;46;129.765435
"2017-12";"market_place";703.25;14;50.232143
"2017-12";"musical_instruments";10823.5;42;257.702381
"2017-12";"office_furniture";6684.37;48;139.257708
"2017-12";"party_supplies";515.2;2;257.6
"2017-12";"perfumery";26448.94;233;113.514764
"2017-12";"pet_shop";7126.74;72;98.9825
"2017-12";"signaling_and_security";770.0;2;385.0
"2017-12";"small_appliances";7539.77;27;279.250741
"2017-12";"sports_leisure";58722.48;484;121.327438
"2017-12";"stationery";24793.1;248;99.972177
"2017-12";"tablets_printing_image";419.4;6;69.9
"2017-12";"telephony";12780.44;260;49.155538
"2017-12";"toys";55064.56;436;126.294862
"2017-12";"uncategorized";15497.67;137;113.121679
"2017-12";"watches_gifts";69556.92;353;197.045099
"2018-01";"agro_industry_and_commerce";5853.44;18;325.191111
"2018-01";"air_conditioning";4674.74;29;161.197931
"2018-01";"art";2540.77;19;133.724737
"2018-01";"audio";3820.28;26;146.933846
"2018-01";"auto";35855.02;267;134.288464
"2018-01";"baby";29833.88;219;136.227763
"2018-01";"bed_bath_table";75408.13;836;90.201112
"2018-01";"books_general_interest";2160.2;44;49.095455
"2018-01";"books_imported";583.0;6;97.166667
"2018-01";"books_technical";1176.55;17;69.208824
"2018-01";"christmas_supplies";851.5;10;85.15
"2018-01";"cine_photo";199.98;2;99.99
"2018-01";"computers";6851.0;11;622.818182
"2018-01";"computers_accessories";80503.87;688;117.011439
"2018-01";"consoles_games";7313.28;51;143.397647
"2018-01";"construction_tools_construction";9664.18;48;201.337083
"2018-01";"construction_tools_lights";2392.99;7;341.855714
"2018-01";"construction_tools_safety";2228.89;11;202.626364
"2018-01";"cool_stuff";38942.41;296;131.562196
"2018-01";"costruction_tools_garden";3927.98;24;163.665833
"2018-01";"costruction_tools_tools";532.3;8;66.5375
"2018-01";"diapers_and_hygiene";125.0;5;25.0
"2018-01";"drinks";2227.61;50;44.5522
"2018-01";"dvds_blu_ray";49.8;2;24.9
"2018-01";"electronics";15884.28;348;45.644483
"2018-01";"fashio_female_clothing";161.79;3;53.93
"2018-01";"fashion_bags_accessories";7931.72;125;63.45376
"2018-01";"fashion_male_clothing";550.6;6;91.766667
"2018-01";"fashion_shoes";666.7;9;74.077778
"2018-01";"fashion_sport";119.8;2;59.9
"2018-01";"fashion_underwear_beach";754.5;8;94.3125
"2018-01";"fixed_telephony";2444.1;10;244.41
"2018-01";"flowers";284.6;10;28.46
"2018-01";"food";829.56;19;43.661053
"2018-01";"food_drink";341.17;11;31.015455
"2018-01";"furniture_bedroom";914.8;5;182.96
"2018-01";"furniture_decor";53798.81;595;90.418168
"2018-01";"furniture_living_room";2308.1;22;104.913636
"2018-01";"furniture_mattress_and_upholstery";860.5;9;95.611111
"2018-01";"garden_tools";26793.06;236;113.529915
"2018-01";"health_beauty";71405.6;619;115.356381
"2018-01";"home_appliances";1725.15;27;63.894444
"2018-01";"home_appliances_2";8630.1;13;663.853846
"2018-01";"home_confort";3020.16;18;167.786667
"2018-01";"home_construction";5747.78;40;143.6945
"2018-01";"housewares";37446.74;351;106.685869
"2018-01";"industry_commerce_and_business";2681.1;18;148.95
"2018-01";"kitchen_dining_laundry_garden_furniture";4838.5;21;230.404762
"2018-01";"la_cuisine";112.0;1;112.0
"2018-01";"luggage_accessories";18546.32;126;147.193016
"2018-01";"market_place";818.72;14;58.48
"2018-01";"music";24.97;1;24.97
"2018-01";"musical_instruments";15178.58;51;297.619216
"2018-01";"office_furniture";19485.42;142;137.221268
"2018-01";"party_supplies";135.8;2;67.9
"2018-01";"perfumery";19555.37;223;87.692242
"2018-01";"pet_shop";10796.06;89;121.304045
"2018-01";"signaling_and_security";1048.79;8;131.09875
"2018-01";"small_appliances";14261.81;53;269.090755
"2018-01";"small_appliances_home_oven_and_coffee";369.99;1;369.99
"2018-01";"sports_leisure";86172.83;642;134.225592
"2018-01";"stationery";39522.72;385;102.656416
"2018-01";"tablets_printing_image";161.8;3;53.933333
"2018-01";"telephony";14700.08;368;39.94587
"2018-01";"toys";21382.85;161;132.812733
"2018-01";"uncategorized";20993.63;193;108.775285
"2018-01";"watches_gifts";73521.24;355;207.102085
"2018-02";"agro_industry_and_commerce";7385.3;26;284.05
"2018-02";"air_conditioning";2626.89;12;218.9075
"2018-02";"art";1216.71;12;101.3925
"2018-02";"audio";2828.49;15;188.566
"2018-02";"auto";41048.51;315;130.31273
"2018-02";"baby";25857.28;172;150.333023
"2018-02";"bed_bath_table";60366.29;685;88.125971
"2018-02";"books_general_interest";1886.65;28;67.380357
"2018-02";"books_imported";325.0;3;108.333333
"2018-02";"books_technical";1411.21;26;54.277308
"2018-02";"christmas_supplies";2059.65;24;85.81875
"2018-02";"cine_photo";227.99;2;113.995
"2018-02";"computers_accessories";100131.99;971;103.122544
"2018-02";"consoles_games";11763.83;51;230.663333
"2018-02";"construction_tools_construction";8991.07;68;132.221618
"2018-02";"construction_tools_lights";1610.8;17;94.752941
"2018-02";"construction_tools_safety";5965.75;8;745.71875
"2018-02";"cool_stuff";29772.25;180;165.401389
"2018-02";"costruction_tools_garden";1538.25;20;76.9125
"2018-02";"costruction_tools_tools";1318.2;12;109.85
"2018-02";"diapers_and_hygiene";100.0;4;25.0
"2018-02";"drinks";1919.95;31;61.933871
"2018-02";"dvds_blu_ray";24.9;1;24.9
"2018-02";"electronics";14764.7;331;44.606344
"2018-02";"fashio_female_clothing";29.99;1;29.99
"2018-02";"fashion_bags_accessories";9786.63;107;91.463832
"2018-02";"fashion_male_clothing";388.09;3;129.363333
"2018-02";"fashion_shoes";1033.7;11;93.972727
"2018-02";"fashion_underwear_beach";399.3;7;57.042857
"2018-02";"fixed_telephony";4738.68;11;430.789091
"2018-02";"flowers";134.48;4;33.62
"2018-02";"food";1783.52;38;46.934737
"2018-02";"food_drink";1018.3;23;44.273913
"2018-02";"furniture_bedroom";895.8;7;127.971429
"2018-02";"furniture_decor";38002.36;422;90.052986
"2018-02";"furniture_living_room";4402.78;26;169.337692
"2018-02";"furniture_mattress_and_upholstery";344.7;5;68.94
"2018-02";"garden_tools";26489.13;293;90.406587
"2018-02";"health_beauty";84576.55;650;130.117769
"2018-02";"home_appliances";5542.45;48;115.467708
"2018-02";"home_appliances_2";8998.83;21;428.515714
"2018-02";"home_comfort_2";38.7;3;12.9
"2018-02";"home_confort";3012.76;21;143.464762
"2018-02";"home_construction";5225.9;38;137.523684
"2018-02";"housewares";34877.47;391;89.200691
"2018-02";"industry_commerce_and_business";4735.59;37;127.988919
"2018-02";"kitchen_dining_laundry_garden_furniture";4621.16;19;243.218947
"2018-02";"luggage_accessories";6423.55;45;142.745556
"2018-02";"market_place";1920.92;28;68.604286
"2018-02";"music";244.97;2;122.485
"2018-02";"musical_instruments";9015.73;44;204.902955
"2018-02";"office_furniture";17287.89;107;161.569065
"2018-02";"pc_gamer";129.99;1;129.99
"2018-02";"perfumery";20372.0;211;96.549763
"2018-02";"pet_shop";9218.24;99;93.113535
"2018-02";"signaling_and_security";715.79;15;47.719333
"2018-02";"small_appliances";5245.16;32;163.91125
"2018-02";"small_appliances_home_oven_and_coffee";3024.9;5;604.98
"2018-02";"sports_leisure";74540.95;637;117.01876
"2018-02";"stationery";10090.53;145;69.589862
"2018-02";"tablets_printing_image";694.97;13;53.459231
"2018-02";"telephony";13672.38;354;38.622542
"2018-02";"toys";14203.35;139;102.182374
"2018-02";"uncategorized";12691.97;117;108.478376
"2018-02";"watches_gifts";60725.31;324;187.423796
"2018-03";"agro_industry_and_commerce";5161.0;26;198.5
"2018-03";"air_conditioning";2507.68;24;104.486667
"2018-03";"art";461.5;7;65.928571
"2018-03";"audio";10606.69;34;311.961471
"2018-03";"auto";44081.96;336;131.19631
"2018-03";"baby";40818.75;215;189.854651
"2018-03";"bed_bath_table";67786.35;777;87.24112
"2018-03";"books_general_interest";1691.94;38;44.524737
"2018-03";"books_imported";259.0;3;86.333333
"2018-03";"books_technical";913.47;17;53.733529
"2018-03";"christmas_supplies";854.95;12;71.245833
"2018-03";"cine_photo";711.79;7;101.684286
"2018-03";"computers_accessories";84708.39;750;112.94452
"2018-03";"consoles_games";11826.22;57;207.477544
"2018-03";"construction_tools_construction";9446.58;66;143.13
"2018-03";"construction_tools_lights";2536.7;13;195.130769
"2018-03";"construction_tools_safety";5374.87;22;244.312273
"2018-03";"cool_stuff";37791.24;253;149.37249
"2018-03";"costruction_tools_garden";2087.23;22;94.874091
"2018-03";"costruction_tools_tools";931.3;9;103.477778
"2018-03";"diapers_and_hygiene";125.0;5;25.0
"2018-03";"drinks";962.7;21;45.842857
"2018-03";"dvds_blu_ray";49.8;2;24.9
"2018-03";"electronics";12394.51;254;48.797283
"2018-03";"fashio_female_clothing";119.96;4;29.99
"2018-03";"fashion_bags_accessories";10096.51;137;73.697153
"2018-03";"fashion_childrens_clothes";79.98;2;39.99
"2018-03";"fashion_shoes";1053.1;11;95.736364
"2018-03";"fashion_sport";89.9;1;89.9
"2018-03";"fashion_underwear_beach";289.4;5;57.88
"2018-03";"fixed_telephony";1930.59;14;137.899286
"2018-03";"flowers";89.67;3;29.89
"2018-03";"food";1559.9;35;44.568571
"2018-03";"food_drink";2350.77;19;123.724737
"2018-03";"furniture_bedroom";1071.8;6;178.633333
"2018-03";"furniture_decor";51319.97;583;88.027393
"2018-03";"furniture_living_room";3521.87;19;185.361579
"2018-03";"furniture_mattress_and_upholstery";440.0;4;110.0
"2018-03";"garden_tools";26773.88;253;105.825613
"2018-03";"health_beauty";84488.57;656;128.793552
"2018-03";"home_appliances";9876.59;70;141.094143
"2018-03";"home_appliances_2";5648.2;12;470.683333
"2018-03";"home_comfort_2";34.99;1;34.99
"2018-03";"home_confort";2522.38;21;120.113333
"2018-03";"home_construction";5250.51;43;122.104884
"2018-03";"housewares";35052.12;390;89.877231
"2018-03";"industry_commerce_and_business";2922.45;29;100.774138
"2018-03";"kitchen_dining_laundry_garden_furniture";2842.66;12;236.888333
"2018-03";"la_cuisine";389.0;1;389.0
"2018-03";"luggage_accessories";5851.77;56;104.495893
"2018-03";"market_place";1548.74;17;91.102353
"2018-03";"music";323.97;2;161.985
"2018-03";"musical_instruments";8931.4;53;168.516981
"2018-03";"office_furniture";30861.64;200;154.3082
"2018-03";"party_supplies";913.9;6;152.316667
"2018-03";"perfumery";20081.88;198;101.423636
"2018-03";"pet_shop";13400.21;122;109.837787
"2018-03";"signaling_and_security";921.9;9;102.433333
"2018-03";"small_appliances";13952.18;35;398.633714
"2018-03";"small_appliances_home_oven_and_coffee";7890.9;7;1127.271429
"2018-03";"sports_leisure";81656.96;732;111.553224
"2018-03";"stationery";12993.74;163;79.716196
"2018-03";"tablets_printing_image";259.29;3;86.43
"2018-03";"telephony";24759.43;334;74.13003
"2018-03";"toys";22817.55;225;101.411333
"2018-03";"uncategorized";16625.22;133;125.001654
"2018-03";"watches_gifts";95661.18;421;227.223705
"2018-04";"agro_industry_and_commerce";4500.7;12;375.058333
"2018-04";"air_conditioning";3261.79;23;141.816957
"2018-04";"art";2140.28;26;82.318462
"2018-04";"arts_and_craftmanship";15.99;1;15.99
"2018-04";"audio";7045.07;31;227.260323
"2018-04";"auto";47989.41;348;137.900603
"2018-04";"baby";47201.22;237;199.161266
"2018-04";"bed_bath_table";71379.61;736;96.983166
"2018-04";"books_general_interest";6274.51;49;128.051224
"2018-04";"books_imported";317.99;4;79.4975
"2018-04";"books_technical";1172.1;23;50.96087
"2018-04";"cds_dvds_musicals";65.0;1;65.0
"2018-04";"christmas_supplies";275.15;12;22.929167
"2018-04";"cine_photo";521.74;5;104.348
"2018-04";"computers";13774.92;15;918.328
"2018-04";"computers_accessories";57370.9;526;109.070152
"2018-04";"consoles_games";5511.05;40;137.77625
"2018-04";"construction_tools_construction";12933.83;90;143.709222
"2018-04";"construction_tools_lights";4962.67;47;105.588723
"2018-04";"construction_tools_safety";2887.26;24;120.3025
"2018-04";"cool_stuff";35025.41;206;170.026262
"2018-04";"costruction_tools_garden";1326.79;18;73.710556
"2018-04";"costruction_tools_tools";1332.99;17;78.411176
"2018-04";"diapers_and_hygiene";149.0;4;37.25
"2018-04";"drinks";5016.44;54;92.897037
"2018-04";"dvds_blu_ray";92.5;5;18.5
"2018-04";"electronics";10840.23;212;51.13316
"2018-04";"fashio_female_clothing";174.95;5;34.99
"2018-04";"fashion_bags_accessories";8218.85;102;80.576961
"2018-04";"fashion_male_clothing";195.0;1;195.0
"2018-04";"fashion_shoes";1438.7;11;130.790909
"2018-04";"fashion_sport";89.9;1;89.9
"2018-04";"fashion_underwear_beach";359.4;6;59.9
"2018-04";"fixed_telephony";1921.94;11;174.721818
"2018-04";"flowers";158.4;3;52.8
"2018-04";"food";1665.43;40;41.63575
"2018-04";"food_drink";605.07;18;33.615
"2018-04";"furniture_bedroom";1301.9;7;185.985714
"2018-04";"furniture_decor";56217.62;586;95.934505
"2018-04";"furniture_living_room";5041.83;33;152.782727
"2018-04";"garden_tools";34526.04;282;122.432766
"2018-04";"health_beauty";91058.45;685;132.932044
"2018-04";"home_appliances";15019.63;104;144.419519
"2018-04";"home_appliances_2";20741.69;23;901.812609
"2018-04";"home_comfort_2";12.9;1;12.9
"2018-04";"home_confort";1939.4;18;107.744444
"2018-04";"home_construction";9204.65;75;122.728667
"2018-04";"housewares";44363.29;462;96.024437
"2018-04";"industry_commerce_and_business";5690.61;53;107.37
"2018-04";"kitchen_dining_laundry_garden_furniture";3110.57;19;163.714211
"2018-04";"la_cuisine";280.0;2;140.0
"2018-04";"luggage_accessories";8680.48;57;152.289123
"2018-04";"market_place";627.23;15;41.815333
"2018-04";"music";1696.86;5;339.372
"2018-04";"musical_instruments";19375.31;60;322.921833
"2018-04";"office_furniture";19997.8;131;152.654962
"2018-04";"party_supplies";43.8;2;21.9
"2018-04";"perfumery";17430.41;174;100.17477
"2018-04";"pet_shop";18282.97;166;110.138373
"2018-04";"signaling_and_security";2222.3;36;61.730556
"2018-04";"small_appliances";12071.76;66;182.905455
"2018-04";"small_appliances_home_oven_and_coffee";13211.99;13;1016.306923
"2018-04";"sports_leisure";65793.52;586;112.275631
"2018-04";"stationery";11263.45;152;74.101645
"2018-04";"tablets_printing_image";52.0;1;52.0
"2018-04";"telephony";16312.06;279;58.466165
"2018-04";"toys";23140.41;202;114.556485
"2018-04";"uncategorized";7987.9;74;107.944595
"2018-04";"watches_gifts";88623.07;494;179.398927
"2018-05";"agro_industry_and_commerce";3279.75;8;409.96875
"2018-05";"air_conditioning";1851.3;14;132.235714
"2018-05";"art";2491.97;34;73.293235
"2018-05";"arts_and_craftmanship";89.8;1;89.8
"2018-05";"audio";2697.68;21;128.460952
"2018-05";"auto";40851.44;308;132.634545
"2018-05";"baby";33253.65;239;139.136611
"2018-05";"bed_bath_table";71265.07;740;96.304149
"2018-05";"books_general_interest";5925.13;50;118.5026
"2018-05";"books_imported";410.92;10;41.092
"2018-05";"books_technical";3040.53;55;55.282364
"2018-05";"christmas_supplies";524.53;6;87.421667
"2018-05";"cine_photo";2108.29;17;124.017059
"2018-05";"computers";8699.92;13;669.224615
"2018-05";"computers_accessories";50631.83;453;111.770044
"2018-05";"consoles_games";5279.27;52;101.524423
"2018-05";"construction_tools_construction";20748.6;125;165.9888
"2018-05";"construction_tools_lights";4354.81;38;114.600263
"2018-05";"construction_tools_safety";6045.01;22;274.773182
"2018-05";"cool_stuff";29949.12;175;171.137829
"2018-05";"costruction_tools_garden";1073.28;16;67.08
"2018-05";"costruction_tools_tools";417.9;5;83.58
"2018-05";"diapers_and_hygiene";117.0;3;39.0
"2018-05";"drinks";2505.99;47;53.318936
"2018-05";"dvds_blu_ray";439.94;7;62.848571
"2018-05";"electronics";16176.79;231;70.029394
"2018-05";"fashion_bags_accessories";11490.17;110;104.456091
"2018-05";"fashion_male_clothing";129.99;1;129.99
"2018-05";"fashion_shoes";1582.7;10;158.27
"2018-05";"fashion_underwear_beach";207.4;6;34.566667
"2018-05";"fixed_telephony";1846.2;16;115.3875
"2018-05";"flowers";16.4;1;16.4
"2018-05";"food";1542.93;44;35.066591
"2018-05";"food_drink";1239.44;25;49.5776
"2018-05";"furniture_bedroom";1484.98;6;247.496667
"2018-05";"furniture_decor";53706.45;597;89.960553
"2018-05";"furniture_living_room";2721.08;16;170.0675
"2018-05";"garden_tools";37700.79;288;130.905521
"2018-05";"health_beauty";94534.38;751;125.878003
"2018-05";"home_appliances";6149.67;64;96.088594
"2018-05";"home_appliances_2";14441.24;23;627.88
"2018-05";"home_confort";2708.7;21;128.985714
"2018-05";"home_construction";10155.28;79;128.547848
"2018-05";"housewares";62824.57;618;101.65788
"2018-05";"industry_commerce_and_business";3780.99;40;94.52475
"2018-05";"kitchen_dining_laundry_garden_furniture";2310.09;13;177.699231
"2018-05";"luggage_accessories";6618.46;49;135.070612
"2018-05";"market_place";957.45;14;68.389286
"2018-05";"music";729.0;5;145.8
"2018-05";"musical_instruments";18757.07;61;307.492951
"2018-05";"office_furniture";20835.87;104;200.344904
"2018-05";"party_supplies";100.7;4;25.175
"2018-05";"perfumery";24482.7;197;124.277665
"2018-05";"pet_shop";11708.46;136;86.091618
"2018-05";"portateis_cozinha_e_preparadores_de_alimentos";1958.0;2;979.0
"2018-05";"signaling_and_security";683.5;7;97.642857
"2018-05";"small_appliances";10620.99;48;221.270625
"2018-05";"small_appliances_home_oven_and_coffee";10161.6;9;1129.066667
"2018-05";"sports_leisure";59209.92;489;121.083681
"2018-05";"stationery";12923.39;130;99.410692
"2018-05";"tablets_printing_image";49.9;1;49.9
"2018-05";"telephony";18944.28;250;75.77712
"2018-05";"toys";31538.41;218;144.671606
"2018-05";"uncategorized";3097.04;42;73.739048
"2018-05";"watches_gifts";119364.98;625;190.983968
"2018-06";"agro_industry_and_commerce";3515.8;10;351.58
"2018-06";"air_conditioning";3567.9;15;237.86
"2018-06";"art";2500.14;28;89.290714
"2018-06";"audio";1830.69;20;91.5345
"2018-06";"auto";44962.59;295;152.415559
"2018-06";"baby";30550.32;223;136.996951
"2018-06";"bed_bath_table";70857.08;764;92.744869
"2018-06";"books_general_interest";3275.49;38;86.197105
"2018-06";"books_imported";468.17;9;52.018889
"2018-06";"books_technical";1747.43;26;67.208846
"2018-06";"christmas_supplies";306.19;7;43.741429
"2018-06";"cine_photo";435.85;13;33.526923
"2018-06";"computers";13127.0;13;1009.769231
"2018-06";"computers_accessories";41806.37;401;104.255287
"2018-06";"consoles_games";6903.01;43;160.535116
"2018-06";"construction_tools_construction";22947.72;113;203.077168
"2018-06";"construction_tools_lights";4583.41;44;104.168409
"2018-06";"construction_tools_safety";2565.37;16;160.335625
"2018-06";"cool_stuff";19316.37;103;187.537573
"2018-06";"costruction_tools_garden";799.44;11;72.676364
"2018-06";"costruction_tools_tools";527.0;4;131.75
"2018-06";"diapers_and_hygiene";321.0;7;45.857143
"2018-06";"drinks";1567.07;33;47.48697
"2018-06";"dvds_blu_ray";382.88;6;63.813333
"2018-06";"electronics";9664.57;191;50.599843
"2018-06";"fashion_bags_accessories";7869.95;87;90.459195
"2018-06";"fashion_childrens_clothes";89.99;1;89.99
"2018-06";"fashion_male_clothing";447.8;7;63.971429
"2018-06";"fashion_shoes";1230.58;10;123.058
"2018-06";"fashion_underwear_beach";129.3;7;18.471429
"2018-06";"fixed_telephony";2080.32;17;122.371765
"2018-06";"flowers";108.0;2;54.0
"2018-06";"food";1371.18;24;57.1325
"2018-06";"food_drink";293.85;11;26.713636
"2018-06";"furniture_bedroom";1559.99;9;173.332222
"2018-06";"furniture_decor";42042.22;402;104.582637
"2018-06";"furniture_living_room";3541.62;29;122.124828
"2018-06";"garden_tools";17948.72;184;97.547391
"2018-06";"health_beauty";106745.72;875;121.995109
"2018-06";"home_appliances";5830.38;65;89.698154
"2018-06";"home_appliances_2";8312.72;19;437.511579
"2018-06";"home_comfort_2";25.8;2;12.9
"2018-06";"home_confort";2386.49;16;149.155625
"2018-06";"home_construction";9094.59;71;128.092817
"2018-06";"housewares";55912.61;577;96.90227
"2018-06";"industry_commerce_and_business";2609.9;26;100.380769
"2018-06";"kitchen_dining_laundry_garden_furniture";3538.43;29;122.014828
"2018-06";"luggage_accessories";5070.88;36;140.857778
"2018-06";"market_place";556.46;7;79.494286
"2018-06";"music";109.08;3;36.36
"2018-06";"musical_instruments";16177.92;47;344.211064
"2018-06";"office_furniture";12125.58;76;159.547105
"2018-06";"party_supplies";84.8;2;42.4
"2018-06";"perfumery";26963.93;186;144.967366
"2018-06";"pet_shop";19491.78;178;109.504382
"2018-06";"signaling_and_security";5863.18;27;217.154815
"2018-06";"small_appliances";15431.63;49;314.931224
"2018-06";"small_appliances_home_oven_and_coffee";3499.0;3;1166.333333
"2018-06";"sports_leisure";44916.01;419;107.198115
"2018-06";"stationery";12859.08;167;77.000479
"2018-06";"tablets_printing_image";50.0;1;50.0
"2018-06";"telephony";22669.86;216;104.953056
"2018-06";"toys";21094.95;190;111.026053
"2018-06";"uncategorized";2387.13;23;103.788261
"2018-06";"watches_gifts";85027.57;477;178.254864
"2018-07";"agro_industry_and_commerce";6669.82;27;247.03037
"2018-07";"air_conditioning";2657.86;17;156.344706
"2018-07";"art";1843.2;21;87.771429
"2018-07";"arts_and_craftmanship";654.57;11;59.506364
"2018-07";"audio";2062.64;22;93.756364
"2018-07";"auto";43466.79;341;127.468592
"2018-07";"baby";21834.12;214;102.028598
"2018-07";"bed_bath_table";54405.23;617;88.177034
"2018-07";"books_general_interest";4077.45;25;163.098
"2018-07";"books_imported";357.79;7;51.112857
"2018-07";"books_technical";1994.93;26;76.728077
"2018-07";"christmas_supplies";509.56;8;63.695
"2018-07";"cine_photo";1178.54;7;168.362857
"2018-07";"computers";11239.0;8;1404.875
"2018-07";"computers_accessories";41063.31;418;98.237584
"2018-07";"consoles_games";8519.11;49;173.859388
"2018-07";"construction_tools_construction";15237.47;115;132.499739
"2018-07";"construction_tools_lights";7249.61;55;131.811091
"2018-07";"construction_tools_safety";1888.95;15;125.93
"2018-07";"cool_stuff";21152.01;115;183.930522
"2018-07";"costruction_tools_garden";1922.66;22;87.393636
"2018-07";"costruction_tools_tools";5501.2;12;458.433333
"2018-07";"diapers_and_hygiene";121.0;3;40.333333
"2018-07";"drinks";1260.17;16;78.760625
"2018-07";"dvds_blu_ray";83.99;1;83.99
"2018-07";"electronics";9270.95;151;61.39702
"2018-07";"fashion_bags_accessories";6071.07;74;82.041486
"2018-07";"fashion_male_clothing";208.7;5;41.74
"2018-07";"fashion_shoes";820.19;5;164.038
"2018-07";"fashion_underwear_beach";109.8;2;54.9
"2018-07";"fixed_telephony";9319.39;11;847.217273
"2018-07";"flowers";47.99;2;23.995
"2018-07";"food";3378.17;64;52.783906
"2018-07";"food_drink";778.73;17;45.807647
"2018-07";"furniture_bedroom";1386.9;10;138.69
"2018-07";"furniture_decor";45393.59;436;104.113739
"2018-07";"furniture_living_room";6706.64;54;124.197037
"2018-07";"furniture_mattress_and_upholstery";129.9;1;129.9
"2018-07";"garden_tools";25639.88;177;144.858079
"2018-07";"health_beauty";103524.22;770;134.447039
"2018-07";"home_appliances";5173.03;78;66.320897
"2018-07";"home_appliances_2";12597.32;23;547.709565
"2018-07";"home_comfort_2";38.7;3;12.9
"2018-07";"home_confort";2906.48;23;126.368696
"2018-07";"home_construction";6700.25;60;111.670833
"2018-07";"housewares";62583.3;564;110.963298
"2018-07";"industry_commerce_and_business";4697.21;14;335.515
"2018-07";"kitchen_dining_laundry_garden_furniture";3736.95;22;169.861364
"2018-07";"luggage_accessories";5821.72;54;107.80963
"2018-07";"market_place";186.78;4;46.695
"2018-07";"music";849.3;3;283.1
"2018-07";"musical_instruments";7871.93;36;218.664722
"2018-07";"office_furniture";13225.28;80;165.316
"2018-07";"party_supplies";57.5;2;28.75
"2018-07";"pc_gamer";438.0;2;219.0
"2018-07";"perfumery";20645.97;199;103.748593
"2018-07";"pet_shop";19343.85;158;122.42943
"2018-07";"portateis_cozinha_e_preparadores_de_alimentos";172.03;8;21.50375
"2018-07";"signaling_and_security";3785.19;29;130.523793
"2018-07";"small_appliances";8161.35;42;194.317857
"2018-07";"small_appliances_home_oven_and_coffee";4699.67;15;313.311333
"2018-07";"sports_leisure";54015.89;460;117.425848
"2018-07";"stationery";17217.19;190;90.616789
"2018-07";"telephony";26492.68;221;119.87638
"2018-07";"toys";17022.0;154;110.532468
"2018-07";"uncategorized";4612.0;47;98.12766
"2018-07";"watches_gifts";95164.79;521;182.657946
"2018-08";"agro_industry_and_commerce";5021.09;18;278.949444
"2018-08";"air_conditioning";3556.9;21;169.37619
"2018-08";"art";1481.39;18;82.299444
"2018-08";"arts_and_craftmanship";901.76;9;100.195556
"2018-08";"audio";2069.4;26;79.592308
"2018-08";"auto";45032.58;370;121.709676
"2018-08";"baby";21266.57;212;100.314009
"2018-08";"bed_bath_table";60891.09;655;92.963496
"2018-08";"books_general_interest";1564.78;36;43.466111
"2018-08";"books_imported";749.0;1;749.0
"2018-08";"books_technical";1483.79;29;51.165172
"2018-08";"christmas_supplies";529.37;10;52.937
"2018-08";"cine_photo";595.29;9;66.143333
"2018-08";"computers";8711.5;12;725.958333
"2018-08";"computers_accessories";40052.64;415;96.512386
"2018-08";"consoles_games";4381.31;59;74.259492
"2018-08";"construction_tools_construction";22917.16;162;141.463951
"2018-08";"construction_tools_lights";8212.53;62;132.460161
"2018-08";"construction_tools_safety";3970.22;25;158.8088
"2018-08";"cool_stuff";15794.89;119;132.730168
"2018-08";"costruction_tools_garden";3688.76;23;160.38087
"2018-08";"costruction_tools_tools";1255.77;14;89.697857
"2018-08";"diapers_and_hygiene";231.89;3;77.296667
"2018-08";"drinks";1423.26;27;52.713333
"2018-08";"dvds_blu_ray";8.9;1;8.9
"2018-08";"electronics";10739.57;119;90.248487
"2018-08";"fashio_female_clothing";129.97;3;43.323333
"2018-08";"fashion_bags_accessories";8127.53;126;64.504206
"2018-08";"fashion_male_clothing";381.69;3;127.23
"2018-08";"fashion_shoes";471.3;3;157.1
"2018-08";"fashion_sport";69.9;1;69.9
"2018-08";"fashion_underwear_beach";160.0;1;160.0
"2018-08";"fixed_telephony";2724.17;10;272.417
"2018-08";"food";8174.18;115;71.079826
"2018-08";"food_drink";1028.61;21;48.981429
"2018-08";"furniture_bedroom";2197.0;12;183.083333
"2018-08";"furniture_decor";41168.55;430;95.740814
"2018-08";"furniture_living_room";5223.34;40;130.5835
"2018-08";"garden_tools";16314.7;136;119.961029
"2018-08";"health_beauty";119391.01;835;142.983246
"2018-08";"home_appliances";6443.85;63;102.283333
"2018-08";"home_appliances_2";7532.76;14;538.054286
"2018-08";"home_confort";2241.28;16;140.08
"2018-08";"home_construction";6286.16;48;130.961667
"2018-08";"housewares";58763.36;616;95.395065
"2018-08";"industry_commerce_and_business";2364.69;10;236.469
"2018-08";"kitchen_dining_laundry_garden_furniture";2011.47;20;100.5735
"2018-08";"luggage_accessories";6599.75;64;103.121094
"2018-08";"market_place";949.27;8;118.65875
"2018-08";"music";497.81;6;82.968333
"2018-08";"musical_instruments";10519.34;41;256.569268
"2018-08";"office_furniture";6758.87;30;225.295667
"2018-08";"party_supplies";1285.29;14;91.806429
"2018-08";"pc_gamer";219.0;1;219.0
"2018-08";"perfumery";24839.74;218;113.943761
"2018-08";"pet_shop";24608.07;198;124.283182
"2018-08";"portateis_cozinha_e_preparadores_de_alimentos";1803.6;4;450.9
"2018-08";"signaling_and_security";1825.59;22;82.981364
"2018-08";"small_appliances";6168.06;23;268.176522
"2018-08";"small_appliances_home_oven_and_coffee";2996.72;17;176.277647
"2018-08";"sports_leisure";50860.18;471;107.983397
"2018-08";"stationery";15445.65;169;91.394379
"2018-08";"telephony";36572.91;271;134.955387
"2018-08";"toys";16923.75;165;102.568182
"2018-08";"uncategorized";2199.05;31;70.937097
"2018-08";"watches_gifts";69767.06;411;169.749538
